"","treatment","ring","c_incorp_mean","c_incorp_sd"
"1","Alcanivorax","inner",2.98641017278229,1.54753456063747
"2","Alcanivorax","outer",4.16790955521324,2.09308028336223
"3","Devosia","inner",66.859259379633,20.1627482045664
"4","Devosia","outer",5.05315147506465,1.57857293969859
"5","Marinobacter","inner",22.3345451187501,12.9291021821422
"6","Marinobacter","outer",1.48598375170336,0.308857505965866
"7","none","outer",8.23030594669344,2.35524707856243
