"Genus","Biovolume","mass"
"Alcanivorax",1.583362697,120.867750844216
"Devosia",2.148849375,170.157491265848
"Marinobacter",1.07337749,78.20295503188
"Alga",43.4005761616738,6129.16400222212
